ID CARTO;Adresse;CP;Ville;Opération;Activité précise du locataire;Catégorie activité;Enseigne;LAT_ok;LONG_ok;XY
C40;154 Boulevard Macdonald;75019;Paris;CLAUDE BERNARD;Fabrication de coques de portables;EQUIPEMENT;VOG IMPORT;48.89904938;2.37772214;48.89904938, 2.37772214
C203;16 Esplanade Nathalie Sarraute;75018;Paris;Pajol;exploitation d'un site internet;SERVICES A LA PERSONNE;SUPERPROF;48.88850331;2.36234275;48.88850331, 2.36234275
C163;10 rue Popincourt;75011;Paris;Foncière;Salon de coiffure;SERVICES A LA PERSONNE;CD FASHION PARIS;48.85732921;2.37752139;48.85732921, 2.37752139
C41;154bis Boulevard Mac Donald;75019;Paris;CLAUDE BERNARD;Imprimerie;SERVICES AUX ENTREPRISES;OFFSEC 27;48.89902354;2.3777647;48.89902354, 2.3777647
C105;2 rue des Beaux-Arts/ 14 rue de Seine;75006;Paris;DLH;Galerie d'art;CULTUREL;GALERIE ANNE JULIEN;48.85635381;2.3363269;48.85635381, 2.3363269
C276;66 rue du Cardinal Lemoine;75005;Paris;VQ2;Maison d'édition librairie;CULTUREL;LE BRUIT DU TEMPS;48.84539726;2.34998499;48.84539726, 2.34998499
C263;38/40, rue Popincourt;75011;Paris;VQ1;Vente au détail de produits frais, vins et produits d'épicerie fine;ALIMENTAIRE;LA PETITE CAGETTE;48.85917344;2.37614446;48.85917344, 2.37614446
C254;113 av Daumesnil;75012;Paris;Viaduc des arts;carrelages-céramique;METIERS D'ART;RAIRIES MONTRIEUX;48.84496979;2.38056515;48.84496979, 2.38056515
C325;3 rue de la Fidélité;75010;Paris;VQ2;vente de matériel électrique et dépannage;SERVICES A LA PERSONNE;LES LUMIERES DE L'EST;48.87447981;2.35643557;48.87447981, 2.35643557
C255;115 av Daumesnil;75012;Paris;Viaduc des arts;restauration œuvres d'art;METIERS D'ART;ABACA;48.84490574;2.38069949;48.84490574, 2.38069949
C253;101 av Daumesnil;75012;Paris;Viaduc des arts;création verre soufflé;METIERS D'ART;LA MAISON DU VERRIER;48.8453485;2.37978119;48.8453485, 2.37978119
C1026;1/3 rue Corvetto;75008;Paris;Treilhard;Supérette;ALIMENTAIRE;G20;48.8771;2.3147;48.8771, 2.3147
C213;51 av Daumesnil;75012;Paris;Viaduc des arts;Organisation d'événements;SERVICES A LA PERSONNE;EXPO EVENTS 33;48.84725204;2.37583229;48.84725204, 2.37583229
C32;130 Bis Boulevard Mac Donald;75019;Paris;CLAUDE BERNARD;;VACANT;;48.89911817;2.37999416;48.89911817, 2.37999416
C10;43 Rue Myrha;75018;Paris;CHÂTEAU ROUGE;Librairie-gal.d'art, jouets;EQUIPEMENT;PROSE;48.88695994;2.35275915;48.88695994, 2.35275915
C313;86 rue du Faubourg Saint-Denis;75010;Paris;VQ2;Boucherie, charcuterie, traiteur;ALIMENTAIRE;LA BOUCHERIE GOURMANDE;48.87393204;2.35522335;48.87393204, 2.35522335
C332;22 rue du Château-Landon;75010;Paris;VQ2;;TRAVAUX;;48.88138419;2.36289758;48.88138419, 2.36289758
C133;21 avenue du Maine;75015;Paris;DLH;Espace culturel;CULTUREL;;48.84346101;2.32113358;48.84346101, 2.32113358
C200;12 Esplanade Nathalie sarraute;75018;Paris;Pajol;boulangerie-pâtisserie;ALIMENTAIRE;BOB'S BAKE SHOP;48.88828213;2.36220812;48.88828213, 2.36220812
C132;21 avenue du Maine;75015;Paris;DLH;Galerie d'art œuvres Krajcberg;CULTUREL;ESPACE KRAJCBERG;48.84358568;2.3213479;48.84358568, 2.3213479
C4;52-58 Rue Myrha;75018;Paris;CHÂTEAU ROUGE;service à la personne;SERVICES A LA PERSONNE;CLAIR ET NET;48.88693648;2.35185331;48.88693648, 2.35185331
C338;28 Rue Guy Môquet;75017;Paris;VQ2;Auto-école;SERVICES A LA PERSONNE;EASY PERMIS;48.89186135;2.32225032;48.89186135, 2.32225032
C245;37 av Daumesnil;75012;Paris;Viaduc des arts;Maroquinerie;METIERS D'ART;SERGE AMORUSO;48.84777004;2.37475063;48.84777004, 2.37475063
C239;89 av Daumesnil;75012;Paris;Viaduc des arts;Création graphique, illustration photographique;METIERS D'ART;MILYEUX;48.84572607;2.37899892;48.84572607, 2.37899892
C86;45-47 rue Saint-Paul;75004;Paris;DLH;Vente de souvenirs;EQUIPEMENT;LE CYGNE ROSE;48.85436581;2.3623442199999998;48.85436581, 2.3623442199999998
C345;101 Rue des Moines;75017;Paris;VQ2;Commercialisation et éditions d'éditeurs;CULTUREL;POLLEN DIFFUSION;48.89283943;2.32277112;48.89283943, 2.32277112
C269;28 rue du Général Guilhem;75011;Paris;VQ1;caviste;ALIMENTAIRE;VIN DE BOHÈME;48.86234558;2.37923072;48.86234558, 2.37923072
C231;55 av Daumesnil;75012;Paris;Viaduc des arts;démonstration d'artisans, expos;EQUIPEMENT;L'ATELIER, D'ATELIERS D'ART DE France;48.84712395;2.3760874;48.84712395, 2.3760874
C316;22/24 rue des Vinaigriers;75010;Paris;VQ2;Bureaux de l'Association;SERVICES A LA PERSONNE;COMPAGNONS BATISSEURS ILE DE FRANCE;48.87319953;2.36316911;48.87319953, 2.36316911
C277;27 rue Gay Lussac;75005;Paris;VQ2;Librairie, Maison d'éditions spécialisée dans les sciences et les mathématiques;CULTUREL;CASSINI;48.84476233;2.3419889;48.84476233, 2.3419889
C235;11 av Daumesnil;75012;Paris;Viaduc des arts;Fenêtres;EQUIPEMENT;LORENOVE;48.84886781;2.37247499;48.84886781, 2.37247499
C1028;130 Bis Boulevard Mac Donald;75019;Paris;CLAUDE BERNARD;;VACANT;;48.89911817;2.37999416;48.89911817, 2.37999416
C1012;4 rue Dante;75005;Paris;VQ2;;TRAVAUX;;48.8513;2.3467000000000002;48.8513, 2.3467000000000002
C33;130 Bis Boulevard Mac Donald;75019;Paris;CLAUDE BERNARD;Travaux de bâtiment;SERVICES AUX ENTREPRISES;TACTYL;48.899126;2.37999416;48.899126, 2.37999416
C97;5/7 rue des Beaux-Arts;75006;Paris;DLH;Galerie d'art/photos;CULTUREL;BOUQUINERIE DE L'INSTITUT;48.85629541;2.33587256;48.85629541, 2.33587256
C302;34bis rue de Dunkerque;75010;Paris;VQ2;Librairie;CULTUREL;NORDEST;48.88096632;2.35071768;48.88096632, 2.35071768
C1029;5 rue de la Fidélité;75010;Paris;VQ2;;TRAVAUX;;48.87444575;2.35624741;48.87444575, 2.35624741
C155;47 rue Notre-Dame de Nazareth;75003;Paris;Foncière;Librairie papeterie;CULTUREL;LIBRAIRIE VOLUME;48.86756506;2.3570830799999998;48.86756506, 2.3570830799999998
C278;1 rue Frédéric Sauton;75005;Paris;VQ2;Maison d'Editions et librairie;CULTUREL;EDITIONS FEI;48.85126657;2.3493093;48.85126657, 2.3493093
C127;8 rue de Clichy;75009;Paris;DLH;Location salles;SERVICES AUX ENTREPRISES;DCT;48.87738947;2.33064229;48.87738947, 2.33064229
C176;20 rue Saint Ambroise;75011;Paris;Foncière;Epicerie;ALIMENTAIRE;PROXI;48.86250089;2.37826079;48.86250089, 2.37826079
C7;28 Rue Poulet;75018;Paris;CHÂTEAU ROUGE;épicerie fine primeur grossiste demi gros;ALIMENTAIRE;EL MUNDO PARIS 1943;48.88768785;2.35044707;48.88768785, 2.35044707
C198;2 rue des Cascades;75020;Paris;Foncière;;VACANT;;48.86925511;2.39135039;48.86925511, 2.39135039
C1002;42/44, rue Myrha;75018;Paris;CHÂTEAU ROUGE;bureaux direction urbanisme;SERVICES A LA PERSONNE;ÉQUIPE DE DÉVELOPPEMENT LOCAL;48.887;2.3526;48.887, 2.3526
C216;27 av Daumesnil;75012;Paris;Viaduc des arts;Création vêtements;METIERS D'ART;AURELIE CHERELL;48.84808691;2.37409584;48.84808691, 2.37409584
C348;104 rue du Faubourg Saint-Denis;75010;Paris;VQ2;épicerie fine néerlandaise;ALIMENTAIRE;DUTCH;48.8749414;2.35586378;48.8749414, 2.35586378
C291;79 rue Vaugirard;75006;Paris;VQ2;Libraire;CULTUREL;COURANT D'ART;48.84626299;2.32443832;48.84626299, 2.32443832
C22;144 Boulevard Macdonald;75019;Paris;CLAUDE BERNARD;Superette;ALIMENTAIRE;FRANPRIX;48.89908946;2.37869125;48.89908946, 2.37869125
C341;56 Rue Berzélius;75017;Paris;VQ2;Atelier d'artistes;CULTUREL;L'INDEX;48.89434479;2.31982116;48.89434479, 2.31982116
C26;138 Bis Boulevard Macdonald;75019;Paris;CLAUDE BERNARD;Pharmacie;SERVICES A LA PERSONNE;PHARMACIE CLAUDE BERNARD;48.89904552;2.37908974;48.89904552, 2.37908974
C6;16 Rue Myrha;75018;Paris;CHÂTEAU ROUGE;cave à vin;ALIMENTAIRE;DON DOUDINE;48.88728078;2.3548603999999997;48.88728078, 2.3548603999999997
C153;6 rue de Montmorency;75003;Paris;Foncière;Show room et vente de meubles, objets de décoration / bail de 24 mois;EQUIPEMENT;HARTO;48.86261099;2.35692623;48.86261099, 2.35692623
C131;21 Avenue du Maine;75015;Paris;DLH;production audiovisuelle;SERVICES A LA PERSONNE;MÈMOIRE MAGNÉTIQUE;48.84341717;2.3207865500000002;48.84341717, 2.3207865500000002
C62;37Bis rue de Montreuil;75011;Paris;Cour de l'Industrie;Imprimeur;METIERS D'ART;;48.85069489;2.38708504;48.85069489, 2.38708504
C226;47 av Daumesnil;75012;Paris;Viaduc des arts;tapisserie-création mobilier;METIERS D'ART;HOME INTRA DESIGN;48.84738126;2.37555507;48.84738126, 2.37555507
C95;3 quai Malaquais;75006;Paris;DLH;Bouquinerie;CULTUREL;ARENTHON;48.85754741;2.335944;48.85754741, 2.335944
C106;29 rue de Seine;75006;Paris;DLH;Galerie d'art;CULTUREL;GALERIE BERTHET-AITTOUARES;48.85611689;2.33671318;48.85611689, 2.33671318
C202;12 Esplanade Nathalie sarraute;75018;Paris;Pajol;atelier collaboratif de conception et fabrication de produits;SERVICES A LA PERSONNE;DRAFT;48.88839216;2.3622814;48.88839216, 2.3622814
C244;21 av Daumesnil;75012;Paris;Viaduc des arts;Création luminaires et déco;METIERS D'ART;RINCK CONTRACT;48.84838691;2.37348697;48.84838691, 2.37348697
C16;42 rue Polonceau;75018;Paris;CHÂTEAU ROUGE;atelier confection/vente prêt-à-porter;METIERS D'ART;LEA PECKRE;48.88600233;2.35127923;48.88600233, 2.35127923
C337;176 Rue Legendre;75017;Paris;VQ2;Conception, integration audio et vidéo, domotique, location et vente d'appareils audiovisuels;EQUIPEMENT;AUDIOVISUEL, DOMOTIQUE, INTEGRATION;48.89136656;2.32567832;48.89136656, 2.32567832
C102;5 quai Malaquais;75006;Paris;DLH;Meubles anciens;CULTUREL;Anne-Sophie DUVAL;48.85758222;2.33568704;48.85758222, 2.33568704
C20;144 Boulevard Macdonald;75019;Paris;CLAUDE BERNARD;Association tri de vetements;SERVICES A LA PERSONNE;COMPTOIR DE LA VOUTE;48.8990805;2.37862822;48.8990805, 2.37862822
C147;33 rue de Montmorency;75003;Paris;Foncière;Charcuterie,fromages, produits d'épicerie fine,vins et spiritieux, sandwicherie;ALIMENTAIRE;ABRUZZE;48.86331774;2.35401457;48.86331774, 2.35401457
C91;13 quai de Conti;75006;Paris;DLH;Edition;CULTUREL;ACTES SUD;48.85694781;2.33823447;48.85694781, 2.33823447
C139;21 Avenue du Maine;75015;Paris;DLH;société production fillms;SERVICES AUX ENTREPRISES;;48.84352274;2.32092091;48.84352274, 2.32092091
C222;83 av Daumesnil;75012;Paris;Viaduc des arts;ferronnerie d'art;METIERS D'ART;DUNOD-MALLIER FERRONNIERS D ART;48.84592609;2.37858057;48.84592609, 2.37858057
C197;1 Rue du Liban;75020;Paris;Foncière;Atelier de montage et réparation de cycles, achat/vente de vélos et accessoires;EQUIPEMENT;VELOTORITY;48.86848059;2.38577186;48.86848059, 2.38577186
C9;32 Rue Laghouat;75018;Paris;CHÂTEAU ROUGE;bureaux assoc cultuel;SERVICES A LA PERSONNE;LE BOL D'OR;48.8878738;2.35386792;48.8878738, 2.35386792
C140;21 Avenue du Maine;75015;Paris;DLH;Fleuriste;METIERS D'ART;;48.84350925;2.32083415;48.84350925, 2.32083415
C13;10  Rue Léon;75018;Paris;CHÂTEAU ROUGE;atelier confection/vente;EQUIPEMENT;MAZALAY COUTURE;48.88733487;2.3535323;48.88733487, 2.3535323
C1024;30/34, rue du Chemin Vert;75011;Paris;Bréguet;;VACANT;;48.8585;2.3731;48.8585, 2.3731
C187;25 rue Montgallet;75012;Paris;Foncière;Restaurant;SERVICES A LA PERSONNE;CHIN & TOQUE;48.84380671;2.38821796;48.84380671, 2.38821796
C229;1 Bis av Daumesnil;75012;Paris;Viaduc des arts;boutique vêtements jeunes créateurs, accessoires de mode et cosmétiques éthiques;EQUIPEMENT;HAPSATOU SY;48.84925095;2.3716806999999998;48.84925095, 2.3716806999999998
C214;81 av Daumesnil;75012;Paris;Viaduc des arts;restauration d'art/création enceintes acoustiques;METIERS D'ART;ATELIERS GUIGUE et LOCCA;48.84598115;2.37846662;48.84598115, 2.37846662
C152;237, rue Saint-Martin;75003;Paris;Foncière;Vente de cigarettes électroniques et d'accessoires pour fumeurs;EQUIPEMENT;CLOPINETTE;48.86517844;2.35325102;48.86517844, 2.35325102
C121;3 rue des Beaux-Arts;75006;Paris;DLH;PAPETERIE;EQUIPEMENT;SARL ESQUISSE;48.85625724;2.3362146;48.85625724, 2.3362146
C234;35 av Daumesnil;75012;Paris;Viaduc des arts;Prêt-à-porter;EQUIPEMENT;L'HERBE ROUGE;48.84825882;2.37373528;48.84825882, 2.37373528
C272;37 Rue Bisson;75020;Paris;VQ1;Atelier scuplture;METIERS D'ART;HACHEM;48.87117809;2.3821267600000002;48.87117809, 2.3821267600000002
C123;28 rue Jacob;75006;Paris;DLH;Galerie-showroom;EQUIPEMENT;TRIODE;48.85534095;2.33457765;48.85534095, 2.33457765
C309;37 rue du Château d'eau;75010;Paris;VQ2;Epicerie fine;ALIMENTAIRE;ESPRIT GOURMAND;48.8712906;2.35788969;48.8712906, 2.35788969
C292;14 rue Serpente;75006;Paris;VQ2;Librairie spécialisée en bandes dessinées et jeunesse;CULTUREL;AAAPOUM BAPOUM;48.85204073;2.34293564;48.85204073, 2.34293564
C284;19-21 rue des Fossés Saint-Jacques;75005;Paris;VQ2;Librairie portugaise et brésilienne;CULTUREL;LIBRAIRIE PORTUGAISE ET BRESILIENNE;48.84538873;2.34488795;48.84538873, 2.34488795
C12;33 Rue Myrha;75018;Paris;CHÂTEAU ROUGE;boulangerie-pâtisserie;ALIMENTAIRE;TEMBELY;48.88707323;2.35363097;48.88707323, 2.35363097
C149;74 rue des Gravilliers;75003;Paris;Foncière;Bar à jus;SERVICES A LA PERSONNE;BOB'S KITCHEN;48.86448432;2.35453746;48.86448432, 2.35453746
C333;140 avenue Daumesnil;75012;Paris;VQ2;Vente de fruits et légumes frais;ALIMENTAIRE;AU MARCHÉ DAUMESNIL;48.84067074;2.39023397;48.84067074, 2.39023397
C28;144 Boulevard Macdonald;75019;Paris;CLAUDE BERNARD;Fabrication de bijoux;METIERS D'ART;SOUDUREX;48.89904566;2.37869802;48.89904566, 2.37869802
C118;29 rue Bonaparte;75006;Paris;DLH;Papiers peints;EQUIPEMENT;NOBILIS;48.85504562;2.3338681;48.85504562, 2.3338681
C236;57 av Daumesnil;75012;Paris;Viaduc des arts;espace culturel lusophone;SERVICES A LA PERSONNE;LUSOFOLIE'S;48.84707001;2.37620134;48.84707001, 2.37620134
C162;46 rue du Chemin-Vert;75011;Paris;Foncière;Vente au détail de produits liés aux Beaux-Arts;EQUIPEMENT;BOESNER;48.85904137;2.3748748600000003;48.85904137, 2.3748748600000003
C171;113bis rue de la Roquette;75011;Paris;Foncière;Chausseur;EQUIPEMENT;LA SCARPA;48.85803073;2.38130657;48.85803073, 2.38130657
C262;79 av Daumesnil;75012;Paris;Viaduc des arts;encadrement;METIERS D'ART;LE CADRE D'OR;48.84603734;2.37835098;48.84603734, 2.37835098
C208;25 av Daumesnil;75012;Paris;Viaduc des arts;Ebénisterie d'art;METIERS D'ART;AISTHESIS;48.84822286;2.37381521;48.84822286, 2.37381521
C14;22-24 Rue Myrha;75018;Paris;CHÂTEAU ROUGE;centre médical et dentaire;SERVICES A LA PERSONNE;ADMS;48.88724941;2.35438874;48.88724941, 2.35438874
C89;4 rue du Pont Louis-Philippe;75004;Paris;DLH;Papèterie;EQUIPEMENT;LES EXPRIMEURS;48.85465684;2.35532187;48.85465684, 2.35532187
C110;26-28 rue Mazarine;75006;Paris;DLH;Galerie d'art;CULTUREL;GALERIE PIÈCE UNIQUE VARIATIONS;48.85624826;2.33729344;48.85624826, 2.33729344
C282;6 rue Laplace;75005;Paris;VQ2;Maison d'édition;CULTUREL;YSCEO;48.84725695;2.34781795;48.84725695, 2.34781795
C283;37 rue Monge;75005;Paris;VQ2;librairie livres anciens;CULTUREL;LIBRAIRIE BUSSER;48.84583269;2.3520470700000002;48.84583269, 2.3520470700000002
C248;99 av Daumesnil;75012;Paris;Viaduc des arts;flûtes traversières;METIERS D'ART;SONGJA FLûTES;48.84540244;2.37966385;48.84540244, 2.37966385
C169;37 rue Saint Ambroise;75011;Paris;Foncière;Travaux créatifs, ateliers;EQUIPEMENT;INES;48.86297449;2.37893342;48.86297449, 2.37893342
C218;13 av Daumesnil;75012;Paris;Viaduc des arts;Vente de sacs et accessoires pour homme;EQUIPEMENT;GOOD MANNERS;48.84861725;2.37300224;48.84861725, 2.37300224
C15;51 Rue des Poissonniers;75018;Paris;CHÂTEAU ROUGE;bureaux de l'OPAH;SERVICES AUX ENTREPRISES;URBANIS;48.88971002;2.35144034;48.88971002, 2.35144034
C330;14 rue du Château d'Eau;75010;Paris;VQ2;vente au détail de produits écologiques vendus en vrac;ALIMENTAIRE;BIOCOOP;48.86983927;2.36090865;48.86983927, 2.36090865
C232;17 av daumesnil;75012;Paris;Viaduc des arts;Création broderies;METIERS D'ART;LE BONHEUR DES DAMES;48.84850377;2.37323014;48.84850377, 2.37323014
C300;54 rue de l'Aqueduc;75010;Paris;VQ2;Vente de paniers fruits et légumes bio - Epicerie fine -;ALIMENTAIRE;LE LOCAL BIO;48.88278056;2.3649311600000003;48.88278056, 2.3649311600000003
C83;39 rue de Bretagne;75003;Paris;DLH;Librairie;CULTUREL;COMME UN ROMAN;48.86297492;2.36207627;48.86297492, 2.36207627
C347;58/60 Rue de Belleville;75020;Paris;VQ2;Librairie;CULTUREL;LE GENRE URBAIN;48.87327443;2.38229377;48.87327443, 2.38229377
C49;37Bis rue de Montreuil;75011;Paris;Cour de l'Industrie;Photographe;METIERS D'ART;;48.85084761;2.38706137;48.85084761, 2.38706137
C93;3 quai Malaquais;75006;Paris;DLH;Galerie photo;CULTUREL;ANTIQ PHOTO GALLERY;48.85752833;2.336041;48.85752833, 2.336041
C98;33 rue Bonaparte;75006;Paris;DLH;Articles fantaisie;EQUIPEMENT;BOUTIQUE FABRICE;48.85479409;2.33378644;48.85479409, 2.33378644
C157;20 rue du Vertbois;75003;Paris;Foncière;Sandwicherie de luxe, épicerie fine;SERVICES A LA PERSONNE;LYSISOLEIL;48.86685619;2.35893289;48.86685619, 2.35893289
C296;40 rue du Château d'Eau;75010;Paris;VQ2;Vente au détail de jouets et jeux;EQUIPEMENT;L'ARBRE ENCHANTÉ;48.87089403;2.35896189;48.87089403, 2.35896189
C344;41 Rue Pouchet;75017;Paris;VQ2;Services aux personnes atteintes de maladies neuro vegétatives;SERVICES A LA PERSONNE;POINT D'ORGUE;48.89363854;2.32001894;48.89363854, 2.32001894
C328;7 passage du Prado;75010;Paris;VQ2;Retoucherie;SERVICES A LA PERSONNE;RETOUCHERIE;48.87010442;2.35359133;48.87010442, 2.35359133
C204;12 Esplanade Nathalie Sarraute;75018;Paris;Pajol;café-resto-concerts;SERVICES A LA PERSONNE;LES PETITES GOUTTES;48.88844268;2.36230526;48.88844268, 2.36230526
C273;37 rue Bisson;75020;Paris;VQ1;;VACANT;;48.87121629;2.38207232;48.87121629, 2.38207232
C1021;17/19 bis, rue Bréguet;75011;Paris;Bréguet;caviste, épicerie fine, cours d'ornologie, dégustation sur place de plaches de charcuterie, formages et salades;ALIMENTAIRE;CAVE LOUVE;48.8577;2.3738;48.8577, 2.3738
C329;71 rue du Faubourg Saint-Martin;75010;Paris;VQ2;Vente de prêt-à-porter, accessoires de mode et articles de décoration;EQUIPEMENT;ALTERMUNDI;48.87219238;2.35725685;48.87219238, 2.35725685
C112;35/37 rue Bonaparte-18 rue de l'Abbaye;75006;Paris;DLH;Librairie, galerie photos;CULTUREL;LA HUNE;48.85462566;2.3337371;48.85462566, 2.3337371
C256;117 av Daumesnil;75012;Paris;Viaduc des arts;ébeniste;METIERS D'ART;HERVE EBENISTE;48.84484505;2.38083214;48.84484505, 2.38083214
C242;85 av Daumesnil;75012;Paris;Viaduc des arts;parasolerie d'art;METIERS D'ART;PARASOLERIE HEURTAULT;48.84586878;2.37871322;48.84586878, 2.37871322
C247;1 av daumesnil;75012;Paris;Viaduc des arts;Création vente bijoux et textile;METIERS D'ART;TZURI GUETA;48.84928915;2.37161437;48.84928915, 2.37161437
C115;2, 6-8 rue de Seine;75006;Paris;DLH;Librairie;CULTUREL;LIBRAIRIE DES ALPES;48.85731049;2.33636092;48.85731049, 2.33636092
C237;15 av Daumesnil;75012;Paris;Viaduc des arts;Gainerie ameublement, dorure;METIERS D'ART;MAISON FEY;48.84857118;2.3731025900000002;48.84857118, 2.3731025900000002
C307;83 rue de Maubeuge;75010;Paris;VQ2;Epicerie italienne;ALIMENTAIRE;DASCOLI;48.88045753;2.35180373;48.88045753, 2.35180373
C125;22-24 rue Jacob;75006;Paris;DLH;Galerie &librairie d'art;EQUIPEMENT;COMOGLIO PARIS;48.85510516;2.3352481;48.85510516, 2.3352481
C324;12 rue du Faubourg Saint-Martin;75010;Paris;VQ2;épicerie fine avec dégustation des produits de l'épicerie;ALIMENTAIRE;LA CARAVELLE DES SAVEURS;48.86962121;2.3560354;48.86962121, 2.3560354
C190;10 bis rue Montgallet;75012;Paris;Foncière;Restauration rapide;SERVICES A LA PERSONNE;SAV'HEURE IN;48.84298203;2.38679151;48.84298203, 2.38679151
C243;93-95 av Daumesnil;75012;Paris;Viaduc des arts;pianos;METIERS D'ART;PLEYEL;48.84555751;2.37934924;48.84555751, 2.37934924
C340;66 Rue Guy Môquet;75017;Paris;VQ2;;TRAVAUX;;48.89266578;2.32630298;48.89266578, 2.32630298
C35;130 Bis Boulevard Mac Donald;75019;Paris;CLAUDE BERNARD;;VACANT;;48.89905417;2.3799907;48.89905417, 2.3799907
C286;13 rue de l'Ecole Polytechnique;75005;Paris;VQ2;Maison d'édition librairie;CULTUREL;L'AUTRE LIVRE;48.84776452;2.34751862;48.84776452, 2.34751862
C31;128-130 Boulevard Mac Donald;75019;Paris;CLAUDE BERNARD;cabinet dentaire;SERVICES A LA PERSONNE;CENTRE DENTAIRE MACDONALD;48.899063;2.38038242;48.899063, 2.38038242
C82;18 Rue Saint-Roch;75001;Paris;DLH;Vente bijoux anciens;EQUIPEMENT;RARISSIME;48.86504134;2.33206506;48.86504134, 2.33206506
C185;54 bd Diderot;75012;Paris;Foncière;Agence immobilère;SERVICES A LA PERSONNE;AGENCE PRODI;48.84638604;2.37973954;48.84638604, 2.37973954
C126;28 rue Jacob;75006;Paris;DLH;Commerce objets d'art;CULTUREL;CLAUDE BOULLÉ;48.85530727;2.33467465;48.85530727, 2.33467465
C304;52 rue du Faubourg Saint-Martin;75010;Paris;VQ2;Coffee Shop;SERVICES A LA PERSONNE;BLACKBURN COFFEE;48.87084951;2.35678481;48.87084951, 2.35678481
C27;128-130 Boulevard Mac Donald;75019;Paris;CLAUDE BERNARD;Cabinet médical;SERVICES A LA PERSONNE;SOS MEDECINS;48.89910232;2.3803535;48.89910232, 2.3803535
C36;130 Bisboulevard Mac Donald;75019;Paris;CLAUDE BERNARD;Fabrication de prototype vetements;METIERS D'ART;YENDI PARIS CREATION;48.8990575;2.3799907;48.8990575, 2.3799907
C151;71 rue des Archives;75003;Paris;Foncière;Boulangerie-Patisserie;ALIMENTAIRE;BOULANGERIE LE SAINT-LÉ;48.8627407;2.35985861;48.8627407, 2.35985861
C219;75 av Daumesnil;75012;Paris;Viaduc des arts;restaurant;SERVICES A LA PERSONNE;CAFE JARDIN L'ARROSOIR;48.84614521;2.37814011;48.84614521, 2.37814011
C228;23 av Daumesnil;75012;Paris;Viaduc des arts;Formation pour dévt métiers d'art;METIERS D'ART;INMA;48.84831949;2.37361792;48.84831949, 2.37361792
C315;40 rue du Château d'Eau;75010;Paris;VQ2;Vente au détail de jouets et jeux;EQUIPEMENT;L'ARBRE ENCHANTÉ;48.87092323;2.35891083;48.87092323, 2.35891083
C261;71 av Daumesnil;75012;Paris;Viaduc des arts;restauration affiches-papiers anc;METIERS D'ART;ATELIER CATTANEO;48.8465857;2.37721155;48.8465857, 2.37721155
C96;2-6-8 rue de Seine;75006;Paris;DLH;Galerie d'art;CULTUREL;ARTRIUM;48.85727119;2.33637624;48.85727119, 2.33637624
C111;2, 6-8 rue de Seine;75006;Paris;DLH;Galerie d'art;CULTUREL;GALERIE ROY SFEIR;48.85723189;2.33638134;48.85723189, 2.33638134
C1022;17/19 bis, rue Bréguet;75011;Paris;Bréguet;boulangerie, restauration rapide, à titre accessoire vente de café et d'art de la table;ALIMENTAIRE;TEN BELLES BREAD;48.8576;2.3737;48.8576, 2.3737
C87;2 place du Châtelet;75004;Paris;DLH;Café;SERVICES A LA PERSONNE;LE MISTRAL;48.85744138;2.3478252299999998;48.85744138, 2.3478252299999998
C285;3 rue d'Arras;75005;Paris;VQ2;Librairie spécialisée en arts urbains;CULTUREL;NUNC!;48.84747098;2.35181277;48.84747098, 2.35181277
C293;16 boulevard Saint-Michel;75006;Paris;VQ2;Librairie de livres neufs et occasion;CULTUREL;BOULINIER;48.852153;2.34327596;48.852153, 2.34327596
C119;2-6-8 rue de Seine;75006;Paris;DLH;Agence photographique;CULTUREL;AGENCE ROGER VIOLLET/PARISIENNE DE PHOTOGRAPHIE;48.85718473;2.33637454;48.85718473, 2.33637454
C184;119 rue de Charenton;75012;Paris;Foncière;Vente de systèmes d'assemblage pour feuillets mobiles et cartonnage;EQUIPEMENT;ACLÉ;48.84594358;2.37987867;48.84594358, 2.37987867
C1011;4 rue Dante;75005;Paris;VQ2;Librairie spécialisée mangas;CULTUREL;HAYAKU SHOP;48.8514;2.3468;48.8514, 2.3468
C350;27 bis, rue de la Jonquière;75017;Paris;VQ2;;TRAVAUX;;48.89348531;2.3246765;48.89348531, 2.3246765
C1025;30/34, rue du Chemin Vert;75011;Paris;Bréguet;Salle de sport;SERVICES A LA PERSONNE;CROSS FIT;48.8585;2.3733;48.8585, 2.3733
C1001;42/44 rue Myrha;75018;Paris;CHÂTEAU ROUGE;Studio de création graphique;METIERS D'ART;PILOTE;48.887;2.3527;48.887, 2.3527
C178;20  bd Richard Lenoir / 1 rue Sedaine;75011;Paris;Foncière;Restaurant;SERVICES A LA PERSONNE;YARA;48.85562803;2.37067775;48.85562803, 2.37067775
C173;10 rue Popincourt;75011;Paris;Foncière;Bar-Tabac;SERVICES A LA PERSONNE;LE FONTENOY;48.85737863;2.37748399;48.85737863, 2.37748399
C215;63 av Daumesnil;75012;Paris;Viaduc des arts;atelier lithographie;METIERS D'ART;ATELIERS STEPHANE GUILBAUD;48.84694416;2.37646835;48.84694416, 2.37646835
C306;22/24 rue des Vinaigriers;75010;Paris;VQ2;Espace de travail partagé;SERVICES A LA PERSONNE;CRAFT;48.87320067;2.36307038;48.87320067, 2.36307038
C168;85 rue Fontaine au Roi;75011;Paris;Foncière;Pépinière d'entreprises;CULTUREL;FONTAINE O LIVRES;48.86918348;2.37716165;48.86918348, 2.37716165
C166;4 rue Sedaine;75011;Paris;Foncière;Pâtisseries orientales;ALIMENTAIRE;DIAMANDE;48.855427;2.37078312;48.855427, 2.37078312
C113;35/37 rue Bonaparte-18 rue de l'Abbaye et 16 rue de l'Abbaye;75006;Paris;DLH;Librairie;CULTUREL;LIBRAIRIE F. DE NOBELE;48.8546717;2.33375071;48.8546717, 2.33375071
C24;154 Boulevard Macdonald;75019;Paris;CLAUDE BERNARD;Boulangerie;ALIMENTAIRE;LES FROMENTIERS;48.89908083;2.37768299;48.89908083, 2.37768299
C116;26 rue Jacob;75006;Paris;DLH;Maison d'édition et librairie maritime;CULTUREL;LIBRAIRIE MARITIME OUTREMER;48.85523316;2.33488225;48.85523316, 2.33488225
C8;19-27 Rue Myrha;75018;Paris;CHÂTEAU ROUGE;supérette;ALIMENTAIRE;Supermarché G20;48.88710236;2.35410263;48.88710236, 2.35410263
C160;53 rue Notre-Dame de Nazareth / 58-60 rue du Vertbois;75003;Paris;Foncière;Bureaux  administratifs et d'activités  de la Régie de quartier dans le secetur de la propreté et du second œuvre bâtiment;SERVICES AUX ENTREPRISES;REGIE DE QUARTIER;48.86762352;2.35668993;48.86762352, 2.35668993
C21;128-132 Boulevard Mac Donald;75019;Paris;CLAUDE BERNARD;Bureaux (entreprise de bâtiment);SERVICES AUX ENTREPRISES;GTM BATIMENT;48.89905743;2.38027342;48.89905743, 2.38027342
C294;19 rue Bonaparte;75006;Paris;VQ2;Maison d'édition librairie;CULTUREL;EDITIONS DIANE DE SELLIERS;48.8559866;2.3343479;48.8559866, 2.3343479
C251;65 av Daumesnil;75012;Paris;Viaduc des arts;;TRAVAUX;;48.84687449;2.37661291;48.84687449, 2.37661291
C191;25/27 rue Erard;75012;Paris;Foncière;;TRAVAUX;;48.84648337;2.38624717;48.84648337, 2.38624717
C124;2 boulevard Saint-Michel;75006;Paris;DLH;Sandwicherie croissanterie;SERVICES A LA PERSONNE;CROISSANT DORÉ;48.85311752;2.34373209;48.85311752, 2.34373209
C211;5 av Daumesnil;75012;Paris;Viaduc des arts;Restauration tableaux;METIERS D'ART;ATELIER DU TEMPS PASSE;48.84914759;2.3718882;48.84914759, 2.3718882
C212;3 av Daumesnil;75012;Paris;Viaduc des arts;Instruments de musique;METIERS D'ART;ATELIER MAURICE DUPONT;48.84920376;2.37177764;48.84920376, 2.37177764
C120;23 rue Jacob;75006;Paris;DLH;Galerie-artisan joailler;METIERS D'ART;ROSSET GAULEJAC;48.85520733;2.3345912699999998;48.85520733, 2.3345912699999998
C150;28 rue des Gravilliers;75003;Paris;Foncière;Boucherie;ALIMENTAIRE;BOUCHERIE MANU;48.86392594;2.35651319;48.86392594, 2.35651319
C299;32 rue de Lancry;75010;Paris;VQ2;Librairie;CULTUREL;LA PLUME VAGABONDE;48.87097321;2.3616292;48.87097321, 2.3616292
C334;212 bis rue de Charenton;75012;Paris;VQ2;Epicerie, traiteur, restaurant italien;SERVICES A LA PERSONNE;IL GOTO;48.84087523;2.38746816;48.84087523, 2.38746816
C220;49 av Daumesnil;75012;Paris;Viaduc des arts;Création bijoux fantaisie;METIERS D'ART;CÉCILE ET JEANNE;48.84731047;2.37570134;48.84731047, 2.37570134
C158;53 rue Notre-Dame de Nazareth / 58-60 rue du Vertbois;75003;Paris;Foncière;Design;SERVICES AUX ENTREPRISES;MADE IN TOWN;48.86763139;2.35661334;48.86763139, 2.35661334
C130;21 Avenue du Maine;75015;Paris;DLH;centre d'art;CULTUREL;;48.84342505;2.32087671;48.84342505, 2.32087671
C183;93 rue de Reuilly;75012;Paris;Foncière;Traiteur sans cuisson;SERVICES A LA PERSONNE;CROUSTIDEJ;48.84435037;2.39026681;48.84435037, 2.39026681
C3;1 Rue Dejean;75018;Paris;CHÂTEAU ROUGE;bar associatif;SERVICES A LA PERSONNE;CAFÉ DEJEAN;48.88713087;2.35078747;48.88713087, 2.35078747
C172;31 rue Saint-Sébastien;75011;Paris;Foncière;Boulangerie;ALIMENTAIRE;L'ATMOSPHÈRE;48.861494;2.37031751;48.861494, 2.37031751
C177;39 rue de la Folie-Méricourt;75011;Paris;Foncière;Puzzles en bois;EQUIPEMENT;PUZZLE MICHÈLE WILSON;48.86351457;2.37231688;48.86351457, 2.37231688
C221;9 av Daumesnil;75012;Paris;Viaduc des arts;Gaufrage papier;METIERS D'ART;CREANOG;48.84898129;2.37225899;48.84898129, 2.37225899
C238;19 av Daumesnil;75012;Paris;Viaduc des arts;Création tissus haut de gamme;METIERS D'ART;MALHIA KENT;48.84844646;2.3733526;48.84844646, 2.3733526
C182;80 rue Jean-Pierre Timbaud;75011;Paris;Foncière;Création-vente de bijoux fantaisie;EQUIPEMENT;LA TONKINOISE A PARIS;48.86734337;2.37636191;48.86734337, 2.37636191
C43;37Bis rue de Montreuil;75011;Paris;Cour de l'Industrie;sérigraphie sur tissu;METIERS D'ART;Maison Georgette;48.85051852;2.38727713;48.85051852, 2.38727713
C311;36 rue de Dunkerque;75010;Paris;VQ2;Reprographie;SERVICES AUX ENTREPRISES;IMAGES NUMÉRIQUES;48.88106632;2.35021207;48.88106632, 2.35021207
C303;22/24 rue des Vinaigriers;75010;Paris;VQ2;Créatrices de mode;METIERS D'ART;AMBRYM;48.87320066;2.36311975;48.87320066, 2.36311975
C199;16 Esplanade Nathalie Sarraute;75018;Paris;Pajol;Librairie/papeterie/carterie - vente au détail de jouets/mobiliers-luminaires/objets décoratifs/objets design/articles d'arts de la table/vêtements/accessoires de mode;EQUIPEMENT;4 TOMORROW;48.88854934;2.36236151;48.88854934, 2.36236151
C11;2 Rue de Suez;75018;Paris;CHÂTEAU ROUGE;accueil et conseils public;SERVICES A LA PERSONNE;POINT D ACCES AUX DROITS;48.8875843;2.35244945;48.8875843, 2.35244945
C164;6 rue du Moulin Joly;75011;Paris;Foncière;Encadreur;METIERS D'ART;CÉDRIC DESREZ;48.86875378;2.3792906;48.86875378, 2.3792906
C179;12, rue du Moulin Joly;75011;Paris;Foncière;Librairie-édition;CULTUREL;RUE DE L'ÉCHIQUIER;48.86902561;2.37902701;48.86902561, 2.37902701
C63;37Bis rue de Montreuil;75011;Paris;Cour de l'Industrie;Ebeniste;METIERS D'ART;;48.85073192;2.38713782;48.85073192, 2.38713782
C25;144 Boulevard Macdonald;75019;Paris;CLAUDE BERNARD;presse/PMU/Française des jeux;SERVICES A LA PERSONNE;;48.89914223;2.37868959;48.89914223, 2.37868959
C1020;17/19 bis, rue Bréguet;75011;Paris;Bréguet;studio photo, vidéo et son;SERVICES AUX ENTREPRISES;;48.8576;2.3736;48.8576, 2.3736
C346;43 Rue Pouchet;75017;Paris;VQ2;Bureau du site internet (dégustation de vin);ALIMENTAIRE;VINOCASTING;48.89376656;2.32011767;48.89376656, 2.32011767
C196;1 Avenue Gambetta;75020;Paris;Foncière;Traiteur grec;ALIMENTAIRE;PIKILIA;48.86330625;2.38869066;48.86330625, 2.38869066
C288;43 rue Daubenton;75005;Paris;VQ2;librairie spécialisée dans la photographie;CULTUREL;ARGENTIC;48.8401074;2.35019286;48.8401074, 2.35019286
C310;58 rue du Château d'Eau;75010;Paris;VQ2;Onglerie;SERVICES A LA PERSONNE;HÉLÈNE ONGLE;48.87208246;2.35653337;48.87208246, 2.35653337
C259;129 av Daumesnil;75012;Paris;Viaduc des arts;création chapeaux/arts table;EQUIPEMENT;;48.84446523;2.38159567;48.84446523, 2.38159567
C94;16 rue de Seine/ 1 rue des Beaux-Arts;75006;Paris;DLH;Galerie d'art;CULTUREL;APPLICAT-PRAZAN;48.85616854;2.33651749;48.85616854, 2.33651749
C298;37 rue de Dunkerque;75010;Paris;VQ2;vente de produits d'équipement de la maison et du bien etre issus de produits naturels;EQUIPEMENT;LA FIBRE NATURELLE;48.88064508;2.35158416;48.88064508, 2.35158416
C148;42 rue Chapon;75003;Paris;Foncière;caviste;ALIMENTAIRE;PORTOLOGIA;48.86389594;2.35451342;48.86389594, 2.35451342
C317;71 rue du Faubourg Saint-Martin;75010;Paris;VQ2;Accessoires déco,mode,vêtements;EQUIPEMENT;MADE BY MOI;48.8721542;2.35723641;48.8721542, 2.35723641
C103;22-24 rue Jacob;75006;Paris;DLH;Galerie d'antiquités;CULTUREL;GALERIE EBERWEIN;48.85508608;2.33530936;48.85508608, 2.33530936
C195;32 Rue des Couronnes;75020;Paris;Foncière;Bouquinerie;SERVICES A LA PERSONNE;LA VAGUE A L'AME;48.86967331;2.38248114;48.86967331, 2.38248114
C319;52 rue du Faubourg Saint-Martin;75010;Paris;VQ2;Studio d'enregistrement;SERVICES AUX ENTREPRISES;SXS PRODUCTION;48.87088993;2.35681036;48.87088993, 2.35681036
C281;65 rue Monge;75005;Paris;VQ2;Librairie Jeunesse, papeterie, jouets;CULTUREL;LA PETITE BOUCHERIE;48.8440439;2.35247014;48.8440439, 2.35247014
C114;22-24 rue Jacob;75006;Paris;DLH;Librairie-édition;CULTUREL;LA LESSE;48.85513773;2.3351596199999998;48.85513773, 2.3351596199999998
C318;32 rue des Vinaigriers;75010;Paris;VQ2;Librairie;CULTUREL;PHILIPPE LE LIBRAIRE;48.87320869;2.36234353;48.87320869, 2.36234353
C227;53 av Daumesnil;75012;Paris;Viaduc des arts;;TRAVAUX;;48.84718687;2.37595814;48.84718687, 2.37595814
C180;129 rue de la Roquette;75011;Paris;Foncière;Pressing;SERVICES A LA PERSONNE;SUPER CLEAN;48.85848368;2.38304784;48.85848368, 2.38304784
C122;2 rue des Beaux-Arts;75006;Paris;DLH;Encadreur décorateur;METIERS D'ART;SARL JACQUES LEGUENNEC;48.85634595;2.33639837;48.85634595, 2.33639837
C209;125 av Daumesnil;75012;Paris;Viaduc des arts;maquettes d'architecture;SERVICES AUX ENTREPRISES;ARTEFACT;48.84457423;2.38138141;48.84457423, 2.38138141
C252;103 av Daumesnil;75012;Paris;Viaduc des arts;lutherie;METIERS D'ART;YANN PORRET LUTHIER;48.84527208;2.37993084;48.84527208, 2.37993084
C201;16 Esplanade Nathalie Sarraute;75018;Paris;Pajol;agence graphisme;METIERS D'ART;CL DESIGN;48.888656;2.36242626;48.888656, 2.36242626
C290;11 rue de Vaugirard;75006;Paris;VQ2;Librairie spécialisée en photo et cinéma;CULTUREL;ANTIQPHOTO.COM;48.84894959;2.33960734;48.84894959, 2.33960734
C107;5/7 rue des Beaux-Arts;75006;Paris;DLH;Galerie d'art;CULTUREL;GALERIE CLAUDE BERNARD;48.85629878;2.3358062;48.85629878, 2.3358062
C77;37Bis rue de Montreuil;75011;Paris;Cour de l'Industrie;Cours de musique et dessin;METIERS D'ART;;48.85067795;2.38730962;48.85067795, 2.38730962
C1024;30/34, rue du Chemin Vert;75011;Paris;Bréguet;Vente à consommer sur place ou à emporter de boissons non alcoolisées, de restauration rapide sans cuisson, location d’espaces de travail partagés, activité de domiciliation d’entreprises;SERVICES A LA PERSONNE;COOL & WORKER;48.8585;2.3732;48.8585, 2.3732
C84;13/15 Bd des Filles du Calvaire et 21 rue des Commines;75003;Paris;DLH;Papèterie;EQUIPEMENT;ROUGIER&PLÉ;48.86260779;2.36657413;48.86260779, 2.36657413
C85;45-47 rue Saint-Paul;75004;Paris;DLH;Produits diététiques et bien-être;EQUIPEMENT;BIEN-ETRE SAINT-PAUL;48.85433326;2.36231698;48.85433326, 2.36231698
C217;73 av Daumesnil;75012;Paris;Viaduc des arts;luminaire d'art fer-bronze;METIERS D'ART;BAGUES;48.8465003;2.37740543;48.8465003, 2.37740543
C279;5 rue du Sommerard;75005;Paris;VQ2;Librairie et maison d'éditions spécialisée dans l'art;CULTUREL;EDITIONS SCALA;48.84970823;2.34728422;48.84970823, 2.34728422
C230;67 av Daumesnil;75012;Paris;Viaduc des arts;mobilier contemp.fer forgé;METIERS D'ART;ITHEMBA;48.8468082;2.37674046;48.8468082, 2.37674046
C175;159 rue Saint-Maur;75011;Paris;Foncière;Epicerie italienne;ALIMENTAIRE;PAISANO;48.86883969;2.37439038;48.86883969, 2.37439038
C206;12 Esplanade Nathalie Sarraute;75018;Paris;Pajol;agence relation-presse;SERVICES AUX ENTREPRISES;RELATIONS DURABLES;48.8883349;2.3622370999999998;48.8883349, 2.3622370999999998
C109;2 rue des Beaux-Arts;75006;Paris;DLH;Galerie d'art;CULTUREL;GALERIE LE MINOTAURE;48.85636279;2.33624522;48.85636279, 2.33624522
C117;3bis/5-7 rue des Beaux-Arts;75006;Paris;DLH;Galerie d'art;CULTUREL;LOFT;48.85627745;2.33604443;48.85627745, 2.33604443
C1010;3/5 rue d'Arras;75005;Paris;VQ2;Librairie;CULTUREL;LIBRAIRIE LUTECE;48.8473;2.3517;48.8473, 2.3517
C161;19 rue Pétion;75011;Paris;Foncière;Librairie Jeunesse et ateliers pour enfants;CULTUREL;ATTRAPE NUAGE;48.85910203;2.38108459;48.85910203, 2.38108459
C143;36 rue de Crimée;75019;Paris;DLH;;TRAVAUX;;48.87894035;2.39031395;48.87894035, 2.39031395
C34;130 Bis Boulevard Mac Donald;75019;Paris;CLAUDE BERNARD;Auto école associative;SERVICES A LA PERSONNE;Assoc.Permis.Pour.Réussir;48.8990811;2.37999416;48.8990811, 2.37999416
C241;87 av Daumesnil;75012;Paris;Viaduc des arts;orfèvrerie;METIERS D'ART;Nicolas Marischael;48.84579911;2.37883565;48.84579911, 2.37883565
C92;2 rue des Beaux-Arts;75006;Paris;DLH;Galerie d'art;CULTUREL;GALERIE BERTHET-AITTOUARES;48.85637065;2.33617886;48.85637065, 2.33617886
C1023;17/19 bis, rue Bréguet;75011;Paris;Bréguet;restaurant traditionnel, épicerie bio, épicerie fine;SERVICES A LA PERSONNE;LE BREGUET;48.8576;2.3737;48.8576, 2.3737
C295;60 rue Monsieur le Prince;75006;Paris;VQ2;Librairie d''éditeur;CULTUREL;PRESSES UNIVERSITAIRES DE France;48.848058;2.34070298;48.848058, 2.34070298
C181;18 rue du Général Guilhem;75011;Paris;Foncière;Vente de Jardinières et de plantes d'exterieur;EQUIPEMENT;VARIATIONS VÉGÉTALES;48.86183674;2.37972212;48.86183674, 2.37972212
C271;37 Rue Bisson;75020;Paris;VQ1;Atelier de tôlerie;METIERS D'ART;GRESILLON SARL;48.87116914;2.38206037;48.87116914, 2.38206037
C136;21 avenue du Maine;75015;Paris;DLH;collectionneur d'arts;CULTUREL;;48.84347338;2.32122204;48.84347338, 2.32122204
C81;59 Rue de Rivoli;75001;Paris;DLH;Cosmétiques;EQUIPEMENT;MAC;48.85921345;2.34566097;48.85921345, 2.34566097
C327;58 rue du Château d'eau;75010;Paris;VQ2;Retoucherie;SERVICES A LA PERSONNE;TAILLEUR RETOUCHEUR;48.87211504;2.35645849;48.87211504, 2.35645849
C343;7 Rue Sauffroy;75017;Paris;VQ2;Conseil en agencement, décoration et aménagement intérieur;SERVICES A LA PERSONNE;MONPETITAPPART;48.89095045;2.32047623;48.89095045, 2.32047623
C80;24 Bis Rue Saint-Roch;75001;Paris;DLH;Expo-vente  pdts artisanaux internationaux;CULTUREL;SPHERE DEVELOPPEMENT;48.86600142;2.33274235;48.86600142, 2.33274235
C108;13 quai de Conti;75006;Paris;DLH;Galerie d'art;CULTUREL;Galerie Larock Granoff;48.85699497;2.3381800200000002;48.85699497, 2.3381800200000002
C250;97 av Daumesnil;75012;Paris;Viaduc des arts;Création meubles bois;METIERS D'ART;STUDIO OLIVIER DOLLE;48.84547772;2.379521;48.84547772, 2.379521
C336;93 Rue des Moines;75017;Paris;VQ2;Conception, réalisation et vente de documents infographiés;SERVICES AUX ENTREPRISES;MENUS & SERVICES;48.89236553;2.32236597;48.89236553, 2.32236597
C186;127/129 rue de Charenton;75012;Paris;Foncière;Librairie généraliste;CULTUREL;CHARYBDE;48.84555926;2.38066604;48.84555926, 2.38066604
C339;44 Rue de la Jonquière;75017;Paris;VQ2;Epicerie fine de produits méditerranéens;ALIMENTAIRE;IL GUSTO D'ITALIA;48.89356823;2.3232341;48.89356823, 2.3232341
C159;245 rue Saint-Martin;75003;Paris;Foncière;Epicerie fine, caviste, fromager, sandwiches;ALIMENTAIRE;ORIGINE;48.86587799;2.35328018;48.86587799, 2.35328018
C156;53 rue Notre-Dame de Nazareth / 58-60 rue du Vertbois;75003;Paris;Foncière;Vente et conseil en décoration interieure;EQUIPEMENT;LILAH SPIRIT;48.86764713;2.35652314;48.86764713, 2.35652314
C301;264 rue du faubourg Saint-Martin;75010;Paris;VQ2;Restaurant;SERVICES A LA PERSONNE;LOULOUCAM;48.88306392;2.36778823;48.88306392, 2.36778823
C233;41-43 av Daumesnil;75012;Paris;Viaduc des arts;Café-restaurant;SERVICES A LA PERSONNE;LE VIADUC CAFÉ;48.84762959;2.37504486;48.84762959, 2.37504486
C188;152 rue de Charenton;75012;Paris;Foncière;Epicerie fine italienne;ALIMENTAIRE;LES RDV ITALIENS;48.84512671;2.38130023;48.84512671, 2.38130023
C2;35 Rue Myrha;75018;Paris;CHÂTEAU ROUGE;Disquaire;CULTUREL;;48.88704521;2.35326659;48.88704521, 2.35326659
C223;91 av Daumesnil;75012;Paris;Viaduc des arts;;TRAVAUX;;48.84566201;2.37914347;48.84566201, 2.37914347
C104;29 rue de Seine;75006;Paris;DLH;Objets d'art, antiquités;EQUIPEMENT;MONTRES DE COLLECTION;48.85606748;2.33671999;48.85606748, 2.33671999
C314;41 rue de Lancry;75010;Paris;VQ2;Charcuterie - traiteur - crèmerie - fromagerie;ALIMENTAIRE;LA CRÉMERIE;48.87113716;2.36159353;48.87113716, 2.36159353
C88;2 place du Châtelet;75004;Paris;DLH;Café;SERVICES A LA PERSONNE;LE SARAH BERNARD;48.85728082;2.3477333;48.85728082, 2.3477333
C101;5/7 rue des Beaux-Arts;75006;Paris;DLH;Galerie d'art;CULTUREL;ENTWISTLE;48.85630664;2.33573643;48.85630664, 2.33573643
C129;21 Avenue du Maine;75015;Paris;DLH;garage;EQUIPEMENT;GARAGE DU MAINE;48.84343741;2.32095837;48.84343741, 2.32095837
C174;48 rue de la Folie Méricourt;75011;Paris;Foncière;Coiffeur;SERVICES A LA PERSONNE;NICOLAS WALDORF;48.86384025;2.3721792600000002;48.86384025, 2.3721792600000002
C260;29-33 av daumesnil;75012;Paris;Viaduc des arts;;SERVICES A LA PERSONNE;;48.84800601;2.37426081;48.84800601, 2.37426081
C297;43 rue du Château d'Eau;75010;Paris;VQ2;Atelier de tapisserie;METIERS D'ART;ATELIER VELVET;48.87150739;2.35748637;48.87150739, 2.35748637
C335;102, rue de Reuilly;75012;Paris;VQ2;Vente au détail de meubles, vêtements et autres objets de seconde main;SERVICES A LA PERSONNE;COMMUNAUTÉ EMMAÜS DE PARIS;48.84143399;2.39320669;48.84143399, 2.39320669
C342;183 Rue Legendre;75017;Paris;VQ2;Caviste;ALIMENTAIRE;MEILLEURSVINSBIO.COM;48.89220316;2.32632181;48.89220316, 2.32632181
C170;117 rue Chemin vert/ 36 rue Servan;75011;Paris;Foncière;Restaurant;SERVICES A LA PERSONNE;LA JOIE DE VIVRE;48.86168402;2.38265086;48.86168402, 2.38265086
C1;40 Rue Myrha;75018;Paris;CHÂTEAU ROUGE;architectes;SERVICES AUX ENTREPRISES;ARCHIVOX;48.8870812;2.35286476;48.8870812, 2.35286476
C90;1 rue du Pont Louis-Philippe;75004;Paris;DLH;Articles décoration;EQUIPEMENT;LES RIVES DU MEKONG;48.85475568;2.35516196;48.85475568, 2.35516196
C193;20 rue Crozatier;75012;Paris;Foncière;épicerie (produits anglais et américains);ALIMENTAIRE;CHELSEA STORE;48.84639184;2.38219795;48.84639184, 2.38219795
C17;134 Boulevard Mac Donald;75019;Paris;CLAUDE BERNARD;Agence bancaire;SERVICES A LA PERSONNE;BNP PARIBAS;48.89904873;2.3795053;48.89904873, 2.3795053
C5;22 Rue Jessaint;75018;Paris;CHÂTEAU ROUGE;déco d'intérieur;EQUIPEMENT;COCO BOHÈME;48.88508659;2.35547768;48.88508659, 2.35547768
C19;154 Boulevard Macdonald;75019;Paris;CLAUDE BERNARD;Brasserie;SERVICES A LA PERSONNE;COCK ART;48.89908306;2.37775282;48.89908306, 2.37775282
C246;121 av Daumesnil;75012;Paris;Viaduc des arts;qunicaillerie haut de gamme;METIERS D'ART;SERIE RARE;48.84470009;2.38111612;48.84470009, 2.38111612
C249;119 av Daumesnil;75012;Paris;Viaduc des arts;Création objets design;METIERS D'ART;STUDIO DAN YEFFET;48.84476977;2.38097328;48.84476977, 2.38097328
C194;32 Rue des Couronnes;75020;Paris;Foncière;Dépôt de pain;ALIMENTAIRE;BOULANGERIE ROYALE;48.86969125;2.38253733;48.86969125, 2.38253733
C99;28 rue Mazarine;75006;Paris;DLH;Galerie d'art, Brocante;CULTUREL;CONNOISSEUR'S GALLERY;48.85617752;2.33731897;48.85617752, 2.33731897
C312;10 rue du Château d'eau;75010;Paris;VQ2;Conception, création et vente au détail d'accessoires de mode, de décoration et papeterie;EQUIPEMENT;JAMINI;48.86971346;2.36114858;48.86971346, 2.36114858
C331;50 boulevard de Strasbourg;75010;Paris;VQ2;;TRAVAUX;;48.87325584;2.35667341;48.87325584, 2.35667341
C326;38 rue de Lancry;75010;Paris;VQ2;Boucherie;ALIMENTAIRE;VIANDE & CHEF;48.87133919;2.36201577;48.87133919, 2.36201577
C29;144 Boulevard Macdonald;75019;Paris;CLAUDE BERNARD;Salon de coiffure;SERVICES A LA PERSONNE;UN LOOK POUR TOUS;48.89912429;2.37862485;48.89912429, 2.37862485
C1000;37 rue Myrha;75018;Paris;CHÂTEAU ROUGE;vente au détail de chaussures éthiques;EQUIPEMENT;SAWA;48.887;2.3531;48.887, 2.3531
C146;187 Rue Saint-Denis;75002;Paris;Foncière;Disquaire;CULTUREL;MAQUIS MEGASTORE;48.86607931;2.35070173;48.86607931, 2.35070173
C289;7 rue des fossés Saint-Jacques;75005;Paris;VQ2;librairie et maison d’édition et à titre accessoire, ateliers philos;CULTUREL;LES PETITS PLATONS;48.84596933;2.34372775;48.84596933, 2.34372775
C137;21 Avenue du Maine;75015;Paris;DLH;architectes;SERVICES A LA PERSONNE;;48.84354859;2.32110123;48.84354859, 2.32110123
C165;9/11 passage Bullourde;75011;Paris;Foncière;Vente de matériel médical et orthopédique;SERVICES A LA PERSONNE;CELYATIS;48.85496109;2.37749735;48.85496109, 2.37749735
C100;35/37 rue Bonaparte-18rue de l'Abbaye et 16 rue de l'Abbaye;75006;Paris;DLH;Editions;CULTUREL;EDITIONS ASSOULINE;48.85470651;2.33376262;48.85470651, 2.33376262
C287;4 rue des Anglais;75005;Paris;VQ2;maison d'édition et vente de livres numériques;CULTUREL;LIBRINOVA;48.85090292;2.34776939;48.85090292, 2.34776939
C192;23 rue Montgallet;75012;Paris;Foncière;Sandwicherie;SERVICES A LA PERSONNE;VIETNAM SANDWICH;48.8436878;2.38795755;48.8436878, 2.38795755
C240;107 av Daumesnil;75012;Paris;Viaduc des arts;literie;EQUIPEMENT;MON LIT ET MOI;48.84514959;2.38019613;48.84514959, 2.38019613
C18;144 Boulevard Macdonald;75019;Paris;CLAUDE BERNARD;Opticien;SERVICES A LA PERSONNE;BY JOSEPH;48.89914676;2.37857719;48.89914676, 2.37857719
C280;17 rue Linné;75005;Paris;VQ2;Librairie, société d'éditions;CULTUREL;EDITIONS SILLAGE;48.84485993;2.35452042;48.84485993, 2.35452042
C323;12 rue du Faubourg Saint-Martin;75010;Paris;VQ2;création, fabrication et vente d'objets de design et d'art;METIERS D'ART;FCK;48.86965714;2.35605414;48.86965714, 2.35605414
C79;37Bis rue de Montreuil;75011;Paris;Cour de l'Industrie;Doreur sur bois;METIERS D'ART;;48.85051858;2.387124;48.85051858, 2.387124
C128;21 avenue du Maine;75015;Paris;DLH;Théâtre;CULTUREL;THÉATRE EXPRESS;48.84344753;2.32104002;48.84344753, 2.32104002
C154;24 rue au Maire;75003;Paris;Foncière;vente de materiel et d'articles de sports;EQUIPEMENT;L'ECHOPPE;48.86471652;2.35600972;48.86471652, 2.35600972
C305;34ter rue de Dunkerque;75010;Paris;VQ2;Bricolage;EQUIPEMENT;BRICOROUX;48.88101688;2.35047935;48.88101688, 2.35047935
C145;6 Rue de la Grande Truanderie;75001;Paris;Foncière;Epicerie;ALIMENTAIRE;HERA;48.86273106;2.34939719;48.86273106, 2.34939719
C257;123 av Daumesnil;75012;Paris;Viaduc des arts;vente de produits chocolatés, d’ustensiles de chocolatier,  dégustation sur place, organisation d’ateliers d’animation, de fabrication et de découverte du chocolat;ALIMENTAIRE;L'ATELIER C;48.84465065;2.38121645;48.84465065, 2.38121645
C308;69 rue de Maubeuge;75010;Paris;VQ2;Caviste;ALIMENTAIRE;EN VRAC!;48.87994907;2.35008069;48.87994907, 2.35008069
C189;54 bd Diderot;75012;Paris;Foncière;Traiteur asiatique;SERVICES A LA PERSONNE;MEI XI;48.84637934;2.37965958;48.84637934, 2.37965958
C225;109 av Daumesnil;75012;Paris;Viaduc des arts;Création bijoux;METIERS D'ART;HELIODORE;48.84508779;2.38032537;48.84508779, 2.38032537
C349;96 rue de Maubeuge;75010;Paris;VQ2;épicerie fine;ALIMENTAIRE;LES MISCELLANÉES DE M. JASH;48.88012746;2.35132524;48.88012746, 2.35132524
C207;16 Esplanade Nathalie Sarraute;75018;Paris;Pajol;épicerie, papeterie et dépôt de presse;ALIMENTAIRE;DELIDROP;48.88860099;2.36239218;48.88860099, 2.36239218
C224;69 av Daumesnil;75012;Paris;Viaduc des arts;restauration œuvres d'art/expos;SERVICES A LA PERSONNE;GALERIE CLAUDE SAMUEL;48.84665537;2.3770686899999998;48.84665537, 2.3770686899999998
C258;127 av Daumesnil;75012;Paris;Viaduc des arts;gravure laser sur cristal ou verre optic;METIERS D'ART;ZEPHYR 3D;48.84452141;2.38149874;48.84452141, 2.38149874
C210;111 av Daumesnil;75012;Paris;Viaduc des arts;orfèvrerie;METIERS D'ART;ATELIER DU CUIVRE;48.84502598;2.38045972;48.84502598, 2.38045972
C142;21 Avenue du Maine;75015;Paris;DLH;Espace culturel;METIERS D'ART;;48.84348911;2.32133432;48.84348911, 2.32133432
